1111111112;unLibelle;112345678901234567890123456789
1111111113;unLibelle;112345678901234567890123456788
1111111114;unLibelle;112345678901234567890123456787
1111111115;unLibelle;112345678901234567890123456786
1111111116;unLibelle;112345678901234567890123456785
1111111117;unLibelle;112345678901234567890123456784
1111111118;unLibelle;112345678901234567890123456783
1111111119;unLibelle;112345678901234567890123456782
1111111120;unLibelle;112345678901234567890123456781
1111111121;unLibelle;112345678901234567890123456711
1111111122;unLibelle;112345678901234567890123456712
1111111123;unLibelle;112345678901234567890123456713
1111111124;unLibelle;112345678901234567890123456714
1111111125;unLibelle;112345678901234567890123456715
1111111126;unLibelle;112345678901234567890123456716
