164563256;SavilleHachee@jourrapide.com ;b6edd10559b20cb0a3ddaeb15e5267cc;1;2678192;2019-02-07
164563257;AnneRossi05400@yahoo.fr;b6edd10559b20cb0a3ddaeb15e5267cc;1;2817282;2019-02-06
164563258;MarcellineBel05300@gmail.com;b6edd10559b20cb0a3ddaeb15e5267cc;1;1000202;2019-02-05
164563259;StephHamel05@orange.fr;b6edd10559b20cb0a3ddaeb15e5267cc;1;3019829;2019-02-04
164563260;ClaclaLebon057@gmail.com;b6edd10559b20cb0a3ddaeb15e5267cc;1;4910201;2019-02-03
164563261;andreuh05100@orange.fr;b6edd10559b20cb0a3ddaeb15e5267cc;1;6589988;2019-02-02
164563262;VeroBenoit05Gap@orange.fr;b6edd10559b20cb0a3ddaeb15e5267cc;1;2135455;2019-02-01
164563263;Jeanledjeuns@yahoo.fr;b6edd10559b20cb0a3ddaeb15e5267cc;1;1254444;2020-01-28
164563264;MichelLaffontPro@aol.com;b6edd10559b20cb0a3ddaeb15e5267cc;1;5654644;2020-01-27
164563265;Nunudu05@free.fr;b6edd10559b20cb0a3ddaeb15e5267cc;1;7777777;2020-01-26
164563266;GrenierBene@gmail.com;b6edd10559b20cb0a3ddaeb15e5267cc;1;1112112;2020-01-25
164563267;BernardHate@yahoo.fr;b6edd10559b20cb0a3ddaeb15e5267cc;1;9965555;2020-01-24
164563268;pandalas05@gmail.com;b6edd10559b20cb0a3ddaeb15e5267cc;1;1230303;2020-01-23
164563269;paulineMonier21@gmail.com;b6edd10559b20cb0a3ddaeb15e5267cc;1;1230304;2020-01-22
164563270;AvrilTeix005@aol.com;b6edd10559b20cb0a3ddaeb15e5267cc;1;1230305;2020-01-21
164563271;MathOlivier@orange.fr;b6edd10559b20cb0a3ddaeb15e5267cc;1;1230306;2020-01-20
164563272;RayLeBest@gmail.com;b6edd10559b20cb0a3ddaeb15e5267cc;1;1230307;2020-01-19
164563273;PhilFerdinandpro@gmail.com;b6edd10559b20cb0a3ddaeb15e5267cc;1;1230308;2020-01-18
164563274;lenoirdelapiarre@gmail.com;b6edd10559b20cb0a3ddaeb15e5267cc;1;1230309;2020-01-17
164563275;DenisMonique053@orange.fr;b6edd10559b20cb0a3ddaeb15e5267cc;1;1230310;2020-01-16
